symbol,date,price
MSFT,Jan-00,39.81
MSFT,Feb-00,36.35
MSFT,Mar-00,43.22
MSFT,Apr-00,28.37
MSFT,May-00,25.45
MSFT,Jun-00,32.54
MSFT,Jul-00,28.4
MSFT,Aug-00,28.4
MSFT,Sep-00,24.53
MSFT,Oct-00,28.02
MSFT,Nov-00,23.34
MSFT,Dec-00,17.65
MSFT,1-Jan,24.84
MSFT,1-Feb,24
MSFT,1-Mar,22.25
MSFT,1-Apr,27.56
MSFT,1-May,28.14
MSFT,1-Jun,29.7
MSFT,1-Jul,26.93
MSFT,1-Aug,23.21
MSFT,1-Sep,20.82
MSFT,1-Oct,23.65
MSFT,1-Nov,26.12
MSFT,1-Dec,26.95
MSFT,2-Jan,25.92
MSFT,2-Feb,23.73
MSFT,2-Mar,24.53
MSFT,2-Apr,21.26
MSFT,2-May,20.71
MSFT,2-Jun,22.25
MSFT,2-Jul,19.52
MSFT,2-Aug,19.97
MSFT,2-Sep,17.79
MSFT,2-Oct,21.75
MSFT,2-Nov,23.46
MSFT,2-Dec,21.03
MSFT,3-Jan,19.31
MSFT,3-Feb,19.34
MSFT,3-Mar,19.76
MSFT,3-Apr,20.87
MSFT,3-May,20.09
MSFT,3-Jun,20.93
MSFT,3-Jul,21.56
MSFT,3-Aug,21.65
MSFT,3-Sep,22.69
MSFT,3-Oct,21.45
MSFT,3-Nov,21.1
MSFT,3-Dec,22.46
MSFT,4-Jan,22.69
MSFT,4-Feb,21.77
MSFT,4-Mar,20.46
MSFT,4-Apr,21.45
MSFT,4-May,21.53
MSFT,4-Jun,23.44
MSFT,4-Jul,23.38
MSFT,4-Aug,22.47
MSFT,4-Sep,22.76
MSFT,4-Oct,23.02
MSFT,4-Nov,24.6
MSFT,4-Dec,24.52
MSFT,5-Jan,24.11
MSFT,5-Feb,23.15
MSFT,5-Mar,22.24
MSFT,5-Apr,23.28
MSFT,5-May,23.82
MSFT,5-Jun,22.93
MSFT,5-Jul,23.64
MSFT,5-Aug,25.35
MSFT,5-Sep,23.83
MSFT,5-Oct,23.8
MSFT,5-Nov,25.71
MSFT,5-Dec,24.29
MSFT,6-Jan,26.14
MSFT,6-Feb,25.04
MSFT,6-Mar,25.36
MSFT,6-Apr,22.5
MSFT,6-May,21.19
MSFT,6-Jun,21.8
MSFT,6-Jul,22.51
MSFT,6-Aug,24.13
MSFT,6-Sep,25.68
MSFT,6-Oct,26.96
MSFT,6-Nov,27.66
MSFT,6-Dec,28.13
MSFT,7-Jan,29.07
MSFT,7-Feb,26.63
MSFT,7-Mar,26.35
MSFT,7-Apr,28.3
MSFT,7-May,29.11
MSFT,7-Jun,27.95
MSFT,7-Jul,27.5
MSFT,7-Aug,27.34
MSFT,7-Sep,28.04
MSFT,7-Oct,35.03
MSFT,7-Nov,32.09
MSFT,7-Dec,34
MSFT,8-Jan,31.13
MSFT,8-Feb,26.07
MSFT,8-Mar,27.21
MSFT,8-Apr,27.34
MSFT,8-May,27.25
MSFT,8-Jun,26.47
MSFT,8-Jul,24.75
MSFT,8-Aug,26.36
MSFT,8-Sep,25.78
MSFT,8-Oct,21.57
MSFT,8-Nov,19.66
MSFT,8-Dec,18.91
MSFT,9-Jan,16.63
MSFT,9-Feb,15.81
MSFT,9-Mar,17.99
MSFT,9-Apr,19.84
MSFT,9-May,20.59
MSFT,9-Jun,23.42
MSFT,9-Jul,23.18
MSFT,9-Aug,24.43
MSFT,9-Sep,25.49
MSFT,9-Oct,27.48
MSFT,9-Nov,29.27
MSFT,9-Dec,30.34
MSFT,10-Jan,28.05
MSFT,10-Feb,28.67
MSFT,10-Mar,28.8
AMZN,Jan-00,64.56
AMZN,Feb-00,68.87
AMZN,Mar-00,67
AMZN,Apr-00,55.19
AMZN,May-00,48.31
AMZN,Jun-00,36.31
AMZN,Jul-00,30.12
AMZN,Aug-00,41.5
AMZN,Sep-00,38.44
AMZN,Oct-00,36.62
AMZN,Nov-00,24.69
AMZN,Dec-00,15.56
AMZN,1-Jan,17.31
AMZN,1-Feb,10.19
AMZN,1-Mar,10.23
AMZN,1-Apr,15.78
AMZN,1-May,16.69
AMZN,1-Jun,14.15
AMZN,1-Jul,12.49
AMZN,1-Aug,8.94
AMZN,1-Sep,5.97
AMZN,1-Oct,6.98
AMZN,1-Nov,11.32
AMZN,1-Dec,10.82
AMZN,2-Jan,14.19
AMZN,2-Feb,14.1
AMZN,2-Mar,14.3
AMZN,2-Apr,16.69
AMZN,2-May,18.23
AMZN,2-Jun,16.25
AMZN,2-Jul,14.45
AMZN,2-Aug,14.94
AMZN,2-Sep,15.93
AMZN,2-Oct,19.36
AMZN,2-Nov,23.35
AMZN,2-Dec,18.89
AMZN,3-Jan,21.85
AMZN,3-Feb,22.01
AMZN,3-Mar,26.03
AMZN,3-Apr,28.69
AMZN,3-May,35.89
AMZN,3-Jun,36.32
AMZN,3-Jul,41.64
AMZN,3-Aug,46.32
AMZN,3-Sep,48.43
AMZN,3-Oct,54.43
AMZN,3-Nov,53.97
AMZN,3-Dec,52.62
AMZN,4-Jan,50.4
AMZN,4-Feb,43.01
AMZN,4-Mar,43.28
AMZN,4-Apr,43.6
AMZN,4-May,48.5
AMZN,4-Jun,54.4
AMZN,4-Jul,38.92
AMZN,4-Aug,38.14
AMZN,4-Sep,40.86
AMZN,4-Oct,34.13
AMZN,4-Nov,39.68
AMZN,4-Dec,44.29
AMZN,5-Jan,43.22
AMZN,5-Feb,35.18
AMZN,5-Mar,34.27
AMZN,5-Apr,32.36
AMZN,5-May,35.51
AMZN,5-Jun,33.09
AMZN,5-Jul,45.15
AMZN,5-Aug,42.7
AMZN,5-Sep,45.3
AMZN,5-Oct,39.86
AMZN,5-Nov,48.46
AMZN,5-Dec,47.15
AMZN,6-Jan,44.82
AMZN,6-Feb,37.44
AMZN,6-Mar,36.53
AMZN,6-Apr,35.21
AMZN,6-May,34.61
AMZN,6-Jun,38.68
AMZN,6-Jul,26.89
AMZN,6-Aug,30.83
AMZN,6-Sep,32.12
AMZN,6-Oct,38.09
AMZN,6-Nov,40.34
AMZN,6-Dec,39.46
AMZN,7-Jan,37.67
AMZN,7-Feb,39.14
AMZN,7-Mar,39.79
AMZN,7-Apr,61.33
AMZN,7-May,69.14
AMZN,7-Jun,68.41
AMZN,7-Jul,78.54
AMZN,7-Aug,79.91
AMZN,7-Sep,93.15
AMZN,7-Oct,89.15
AMZN,7-Nov,90.56
AMZN,7-Dec,92.64
AMZN,8-Jan,77.7
AMZN,8-Feb,64.47
AMZN,8-Mar,71.3
AMZN,8-Apr,78.63
AMZN,8-May,81.62
AMZN,8-Jun,73.33
AMZN,8-Jul,76.34
AMZN,8-Aug,80.81
AMZN,8-Sep,72.76
AMZN,8-Oct,57.24
AMZN,8-Nov,42.7
AMZN,8-Dec,51.28
AMZN,9-Jan,58.82
AMZN,9-Feb,64.79
AMZN,9-Mar,73.44
AMZN,9-Apr,80.52
AMZN,9-May,77.99
AMZN,9-Jun,83.66
AMZN,9-Jul,85.76
AMZN,9-Aug,81.19
AMZN,9-Sep,93.36
AMZN,9-Oct,118.81
AMZN,9-Nov,135.91
AMZN,9-Dec,134.52
AMZN,10-Jan,125.41
AMZN,10-Feb,118.4
AMZN,10-Mar,128.82
IBM,Jan-00,100.52
IBM,Feb-00,92.11
IBM,Mar-00,106.11
IBM,Apr-00,99.95
IBM,May-00,96.31
IBM,Jun-00,98.33
IBM,Jul-00,100.74
IBM,Aug-00,118.62
IBM,Sep-00,101.19
IBM,Oct-00,88.5
IBM,Nov-00,84.12
IBM,Dec-00,76.47
IBM,1-Jan,100.76
IBM,1-Feb,89.98
IBM,1-Mar,86.63
IBM,1-Apr,103.7
IBM,1-May,100.82
IBM,1-Jun,102.35
IBM,1-Jul,94.87
IBM,1-Aug,90.25
IBM,1-Sep,82.82
IBM,1-Oct,97.58
IBM,1-Nov,104.5
IBM,1-Dec,109.36
IBM,2-Jan,97.54
IBM,2-Feb,88.82
IBM,2-Mar,94.15
IBM,2-Apr,75.82
IBM,2-May,72.97
IBM,2-Jun,65.31
IBM,2-Jul,63.86
IBM,2-Aug,68.52
IBM,2-Sep,53.01
IBM,2-Oct,71.76
IBM,2-Nov,79.16
IBM,2-Dec,70.58
IBM,3-Jan,71.22
IBM,3-Feb,71.13
IBM,3-Mar,71.57
IBM,3-Apr,77.47
IBM,3-May,80.48
IBM,3-Jun,75.42
IBM,3-Jul,74.28
IBM,3-Aug,75.12
IBM,3-Sep,80.91
IBM,3-Oct,81.96
IBM,3-Nov,83.08
IBM,3-Dec,85.05
IBM,4-Jan,91.06
IBM,4-Feb,88.7
IBM,4-Mar,84.41
IBM,4-Apr,81.04
IBM,4-May,81.59
IBM,4-Jun,81.19
IBM,4-Jul,80.19
IBM,4-Aug,78.17
IBM,4-Sep,79.13
IBM,4-Oct,82.84
IBM,4-Nov,87.15
IBM,4-Dec,91.16
IBM,5-Jan,86.39
IBM,5-Feb,85.78
IBM,5-Mar,84.66
IBM,5-Apr,70.77
IBM,5-May,70.18
IBM,5-Jun,68.93
IBM,5-Jul,77.53
IBM,5-Aug,75.07
IBM,5-Sep,74.7
IBM,5-Oct,76.25
IBM,5-Nov,82.98
IBM,5-Dec,76.73
IBM,6-Jan,75.89
IBM,6-Feb,75.09
IBM,6-Mar,77.17
IBM,6-Apr,77.05
IBM,6-May,75.04
IBM,6-Jun,72.15
IBM,6-Jul,72.7
IBM,6-Aug,76.35
IBM,6-Sep,77.26
IBM,6-Oct,87.06
IBM,6-Nov,86.95
IBM,6-Dec,91.9
IBM,7-Jan,93.79
IBM,7-Feb,88.18
IBM,7-Mar,89.44
IBM,7-Apr,96.98
IBM,7-May,101.54
IBM,7-Jun,100.25
IBM,7-Jul,105.4
IBM,7-Aug,111.54
IBM,7-Sep,112.6
IBM,7-Oct,111
IBM,7-Nov,100.9
IBM,7-Dec,103.7
IBM,8-Jan,102.75
IBM,8-Feb,109.64
IBM,8-Mar,110.87
IBM,8-Apr,116.23
IBM,8-May,125.14
IBM,8-Jun,114.6
IBM,8-Jul,123.74
IBM,8-Aug,118.16
IBM,8-Sep,113.53
IBM,8-Oct,90.24
IBM,8-Nov,79.65
IBM,8-Dec,82.15
IBM,9-Jan,89.46
IBM,9-Feb,90.32
IBM,9-Mar,95.09
IBM,9-Apr,101.29
IBM,9-May,104.85
IBM,9-Jun,103.01
IBM,9-Jul,116.34
IBM,9-Aug,117
IBM,9-Sep,118.55
IBM,9-Oct,119.54
IBM,9-Nov,125.79
IBM,9-Dec,130.32
IBM,10-Jan,121.85
IBM,10-Feb,127.16
IBM,10-Mar,125.55
AAPL,Jan-00,25.94
AAPL,Feb-00,28.66
AAPL,Mar-00,33.95
AAPL,Apr-00,31.01
AAPL,May-00,21
AAPL,Jun-00,26.19
AAPL,Jul-00,25.41
AAPL,Aug-00,30.47
AAPL,Sep-00,12.88
AAPL,Oct-00,9.78
AAPL,Nov-00,8.25
AAPL,Dec-00,7.44
AAPL,1-Jan,10.81
AAPL,1-Feb,9.12
AAPL,1-Mar,11.03
AAPL,1-Apr,12.74
AAPL,1-May,9.98
AAPL,1-Jun,11.62
AAPL,1-Jul,9.4
AAPL,1-Aug,9.27
AAPL,1-Sep,7.76
AAPL,1-Oct,8.78
AAPL,1-Nov,10.65
AAPL,1-Dec,10.95
AAPL,2-Jan,12.36
AAPL,2-Feb,10.85
AAPL,2-Mar,11.84
AAPL,2-Apr,12.14
AAPL,2-May,11.65
AAPL,2-Jun,8.86
AAPL,2-Jul,7.63
AAPL,2-Aug,7.38
AAPL,2-Sep,7.25
AAPL,2-Oct,8.03
AAPL,2-Nov,7.75
AAPL,2-Dec,7.16
AAPL,3-Jan,7.18
AAPL,3-Feb,7.51
AAPL,3-Mar,7.07
AAPL,3-Apr,7.11
AAPL,3-May,8.98
AAPL,3-Jun,9.53
AAPL,3-Jul,10.54
AAPL,3-Aug,11.31
AAPL,3-Sep,10.36
AAPL,3-Oct,11.44
AAPL,3-Nov,10.45
AAPL,3-Dec,10.69
AAPL,4-Jan,11.28
AAPL,4-Feb,11.96
AAPL,4-Mar,13.52
AAPL,4-Apr,12.89
AAPL,4-May,14.03
AAPL,4-Jun,16.27
AAPL,4-Jul,16.17
AAPL,4-Aug,17.25
AAPL,4-Sep,19.38
AAPL,4-Oct,26.2
AAPL,4-Nov,33.53
AAPL,4-Dec,32.2
AAPL,5-Jan,38.45
AAPL,5-Feb,44.86
AAPL,5-Mar,41.67
AAPL,5-Apr,36.06
AAPL,5-May,39.76
AAPL,5-Jun,36.81
AAPL,5-Jul,42.65
AAPL,5-Aug,46.89
AAPL,5-Sep,53.61
AAPL,5-Oct,57.59
AAPL,5-Nov,67.82
AAPL,5-Dec,71.89
AAPL,6-Jan,75.51
AAPL,6-Feb,68.49
AAPL,6-Mar,62.72
AAPL,6-Apr,70.39
AAPL,6-May,59.77
AAPL,6-Jun,57.27
AAPL,6-Jul,67.96
AAPL,6-Aug,67.85
AAPL,6-Sep,76.98
AAPL,6-Oct,81.08
AAPL,6-Nov,91.66
AAPL,6-Dec,84.84
AAPL,7-Jan,85.73
AAPL,7-Feb,84.61
AAPL,7-Mar,92.91
AAPL,7-Apr,99.8
AAPL,7-May,121.19
AAPL,7-Jun,122.04
AAPL,7-Jul,131.76
AAPL,7-Aug,138.48
AAPL,7-Sep,153.47
AAPL,7-Oct,189.95
AAPL,7-Nov,182.22
AAPL,7-Dec,198.08
AAPL,8-Jan,135.36
AAPL,8-Feb,125.02
AAPL,8-Mar,143.5
AAPL,8-Apr,173.95
AAPL,8-May,188.75
AAPL,8-Jun,167.44
AAPL,8-Jul,158.95
AAPL,8-Aug,169.53
AAPL,8-Sep,113.66
AAPL,8-Oct,107.59
AAPL,8-Nov,92.67
AAPL,8-Dec,85.35
AAPL,9-Jan,90.13
AAPL,9-Feb,89.31
AAPL,9-Mar,105.12
AAPL,9-Apr,125.83
AAPL,9-May,135.81
AAPL,9-Jun,142.43
AAPL,9-Jul,163.39
AAPL,9-Aug,168.21
AAPL,9-Sep,185.35
AAPL,9-Oct,188.5
AAPL,9-Nov,199.91
AAPL,9-Dec,210.73
AAPL,10-Jan,192.06
AAPL,10-Feb,204.62
AAPL,10-Mar,223.02
